QBFDEP,COST,CITY,FAILDATE,CERT,RESTYPE1,NAME,ID
97515,47995.0,LINDSAY,10/18/2024,4134,PI,FIRST NB OF LINDSAY,4111
4373927,717308.0,PHILADELPHIA,4/26/2024,27332,PA,REPUBLIC BANK,4110
52311,13943.0,SAC CITY,11/3/2023,8758,PA,CITIZENS BANK,4109
130110,48015.0,ELKHART,7/28/2023,25851,PA,HEARTLAND TRI-STATE BANK,4108
176436706,15564554.0,SAN FRANCISCO,5/1/2023,59017,PA,FIRST REPUBLIC BANK,4107
88612911,2592082.0,NEW YORK,3/12/2023,57053,PA,SIGNATURE BANK,4106
175378000,19207956.0,SANTA CLARA,3/10/2023,24735,PA,SILICON VALLEY BANK,4105
64941,15861.0,ALMENA,10/23/2020,15426,PA,ALMENA STATE BANK,4104
133936,7247.0,FORT WALTON BEACH,10/16/2020,16748,PA,FIRST CITY BANK OF FLORIDA,4103
143102,43625.0,BARBOURSVILLE,4/3/2020,14361,PA,THE FIRST STATE BANK,4102
95159,23279.0,ERICSON,2/14/2020,18265,PA,ERICSON STATE BANK,4101
111234,2154.0,NEWARK,11/1/2019,21111,PA,CITY NATIONAL BANK OF NEW JERSEY,4100
25174,4264.0,LOUISA,10/25/2019,58112,PA,LOUISA COMMUNITY BANK,4098
22885,1571.0,MAUMEE,10/25/2019,58317,PA,RESOLUTE BANK,4099
31254,18263.0,COOPER,5/31/2019,10716,PI,ENLOE STATE BANK,4097
143964,75367.0,CHICAGO,12/15/2017,30570,PI,WASHINGTON FEDERAL BANK FOR SAVINGS,4096
27466,280.0,ARGONIA,10/13/2017,17719,PA,THE FARMERS AND MERCHANTS STATE BANK OF ARGONIA,4095
33972,8088.0,SAINT ELMO,5/26/2017,1802,PA,FAYETTE COUNTY BANK,4094
1002026,131962.0,MILWAUKEE,5/5/2017,30003,PA,GUARANTY BANK,4093
3032208,756426.0,NEW ORLEANS,4/28/2017,58302,PA,FIRST NBC BANK,4092
65042,9844.0,COTTONWOOD HEIGHTS,3/3/2017,35495,PA,PROFICIO BANK,4091
256505,43691.0,CHICAGO,1/27/2017,19328,PA,SEAWAY BANK AND TRUST COMPANY,4090
122177,22158.0,PENNSVILLE,1/13/2017,34951,PA,HARVEST COMMUNITY BANK,4089
64713,6213.0,MULBERRY,9/23/2016,91,PA,ALLIED BANK,4088
21122,3290.0,WOODBURY,8/19/2016,11297,PA,THE WOODBURY BANKING COMPANY,4087
101040,10825.0,KING OF PRUSSIA,5/6/2016,35312,PA,FIRST CORNERSTONE BANK,4086
20148,10372.0,MEMPHIS,4/29/2016,9956,PA,TRUST COMPANY BANK,4085
61493,11773.0,MILWAUKEE,3/11/2016,20364,PA,NORTH MILWAUKEE STATE BANK,4084
3705,995.0,LONGVIEW,10/2/2015,35156,PA,HOMETOWN NATIONAL BANK,4082
264234,27760.0,PEACHTREE CITY,10/2/2015,35259,PA,THE BANK OF GEORGIA,4083
25480,1210.0,DENVER,7/10/2015,34112,PA,PREMIER BANK,4081
90007,20647.0,CHICAGO,5/8/2015,57772,PA,EDGEBROOK BANK,4080
4097734,691316.0,SAN JUAN,2/27/2015,32102,PA,DORAL BANK,4079
262652,95942.0,ATLANTA,2/13/2015,33938,PA,CAPITOL CITY BANK & TRUST COMPANY,4078
53453,4743.0,CHICAGO,1/23/2015,20290,PA,HIGHLAND COMMUNITY BANK,4077
73199,6329.0,CRESTVIEW,1/16/2015,17557,PA,FIRST NATIONAL BANK OF CRESTVIEW,4076
18221,3946.0,MANKATO,12/19/2014,34983,PA,NORTHERN STAR BANK,4075
76344,2905.0,PALM DESERT,11/7/2014,34738,PA,"FRONTIER BANK, FSB",4074
809638,54474.0,CHICAGO,10/24/2014,916,PA,THE NATIONAL REPUBLIC BANK OF CHICAGO,4073
151559,19837.0,RISING SUN,10/17/2014,4862,PA,NBRS FINANCIAL BANK,4072
68722,18412.0,CHICAGO,7/25/2014,28462,PA,"GREENCHOICE BANK, FSB",4071
166875,38334.0,CONYERS,7/18/2014,58125,PA,EASTSIDE COMMERCIAL BANK,4070
20855,3734.0,FREEDOM,6/27/2014,12483,PA,THE FREEDOM STATE BANK,4069
359953,47807.0,MOLINE,6/20/2014,10450,PA,VALLEY BANK,4067
66541,5439.0,FORT LAUDERDALE,6/20/2014,21793,PA,VALLEY BANK,4068
111142,10954.0,BEL AIR,5/30/2014,32368,PA,SLAVIE FEDERAL SAVINGS BANK,4066
29538,7224.0,CINCINNATI,5/23/2014,32284,PA,COLUMBIA SAVINGS BANK,4065
65031,21715.0,BERWYN,5/16/2014,57866,PA,AZTECAMERICA BANK,4064
49356,22149.0,FAIRFAX,4/25/2014,15062,PA,ALLENDALE COUNTY BANK,4063
121704,10940.0,STERLING,2/28/2014,35096,PA,"MILLENNIUM BANK, NATIONAL ASSOCIATION",4061
62472,8956.0,HORSHAM,2/28/2014,58531,PA,VANTAGE POINT BANK,4062
145813,3487.0,BOISE,1/31/2014,34296,PA,SYRINGA BANK,4060
315843,93335.0,EL RENO,1/24/2014,17967,PA,THE  BANK OF UNION,4059
51878,1530.0,WEST CHICAGO,1/17/2014,5732,PA,DUPAGE NATIONAL BANK,4058
142640,14203.0,THE WOODLANDS,12/13/2013,57431,PA,"TEXAS COMMUNITY BANK, NATIONAL ASSOCIATION",4057
24591,5849.0,GRACEVILLE,10/30/2013,14794,PA,BANK OF JACKSON COUNTY,4056
2338335,616177.0,EDINBURG,9/13/2013,14318,PA,FIRST NATIONAL BANK,4054
25715,9211.0,BRIDGEPORT,9/13/2013,57041,PO,THE COMMUNITY'S BANK,4055
377672,129719.0,PARSONS,8/23/2013,19849,PA,COMMUNITY SOUTH BANK,4052
196924,15391.0,PHOENIX,8/23/2013,34707,PA,SUNRISE BANK OF ARIZONA,4053
40663,13428.0,WAUSAU,8/9/2013,35016,PA,BANK OF WAUSAU,4051
243618,24921.0,FORT MYERS,8/2/2013,34943,PA,FIRST COMMUNITY BANK OF SOUTHWEST FLORIDA,4050
373366,33292.0,SEVIERVILLE,6/7/2013,34789,PA,MOUNTAIN NATIONAL BANK,4049
19579,5208.0,NORTH LAS VEGAS,6/6/2013,58358,PA,1st COMMERCE BANK,4048
127590,22473.0,KENOSHA,5/31/2013,35386,PA,BANKS OF WISCONSIN,4047
30822,5425.0,SCOTTSDALE,5/14/2013,34527,PA,CENTRAL ARIZONA BANK,4046
57775,16002.0,VALDOSTA,5/10/2013,58185,PA,SUNRISE BANK,4044
21246,7943.0,ASHEVILLE,5/10/2013,58701,PA,PISGAH COMMUNITY BANK,4045
315326,89606.0,DOUGLASVILLE,4/26/2013,21649,PA,DOUGLAS COUNTY BANK,4042
104709,16490.0,LENOIR,4/26/2013,57158,PA,PARKWAY BANK,4043
106348,25231.0,ORANGE PARK,4/19/2013,26680,PA,HERITAGE BANK OF NORTH FLORIDA,4039
87196,7767.0,LEXINGTON,4/19/2013,29594,PA,FIRST FEDERAL BANK,4040
37067,7920.0,MARIANNA,4/19/2013,58034,PA,CHIPOLA COMMUNITY BANK,4041
41728,8263.0,GOLD CANYON,4/5/2013,58066,PA,GOLD CANYON BANK,4038
224108,73446.0,LAGRANGE,3/8/2013,16431,PA,FRONTIER BANK,4037
54202,19576.0,CHICAGO,2/15/2013,22476,PA,COVENANT BANK,4036
49147,12229.0,ANDOVER,1/18/2013,57157,PA,1ST REGENTS BANK,4035
91879,22860.0,UNIVERSITY PLACE,1/11/2013,33997,PA,WESTSIDE COMMUNITY BANK,4034
41881,13419.0,SUNRISE,12/14/2012,27331,PA,COMMUNITY BANK OF THE OZARKS,4033
108931,39665.0,BRASELTON,11/16/2012,57928,PA,HOMETOWN COMMUNITYBANK,4032
869440,32458.0,PRINCETON,11/2/2012,3731,PA,CITIZENS FIRST NATIONAL BANK,4030
223309,73811.0,LUTZ,11/2/2012,35009,PA,HERITAGE BANK OF FLORIDA,4031
395248,85428.0,BERWYN,10/26/2012,27148,PO,NOVA BANK,4029
173670,29582.0,SEDALIA,10/19/2012,19189,PA,EXCEL BANK,4026
64888,12370.0,TAMARAC,10/19/2012,28144,PA,FIRST EAST SIDE SAVINGS BANK,4027
131579,40332.0,DESTIN,10/19/2012,58073,PA,GULFSOUTH PRIVATE BANK,4028
316877,33841.0,CRETE,9/28/2012,20685,PA,FIRST UNITED BANK,4025
245716,39469.0,ST. LOUIS,9/14/2012,27316,PA,TRUMAN BANK,4024
206809,65213.0,BLOOMINGTON,9/7/2012,35246,PA,FIRST COMMERCIAL BANK,4023
73001,23518.0,WAUKEGAN,8/3/2012,28243,PA,WAUKEGAN SAVINGS BANK,4022
204238,49244.0,JASPER,7/27/2012,16240,PA,JASPER BANKING COMPANY,4021
89723,363.0,LEAWOOD,7/20/2012,1361,PA,HEARTLAND BANK,4016
171627,86252.0,CHICAGO,7/20/2012,27986,PA,SECOND FEDERAL SAVINGS AND LOAN ASSOCIATION OF CHICAGO,4017
182114,36215.0,WOODSTOCK,7/20/2012,32711,PA,FIRST CHEROKEE STATE BANK,4018
78876,16848.0,NAPLES,7/20/2012,57096,PA,THE ROYAL PALM BANK OF FLORIDA,4019
114748,25335.0,BUFORD,7/20/2012,57847,PA,GEORGIA TRUST BANK,4020
21809,1396.0,GLASGOW,7/13/2012,1056,PA,GLASGOW SAVINGS BANK,4015
164181,65798.0,AILEY,7/6/2012,19498,PA,MONTGOMERY BANK & TRUST,4014
156402,33106.0,LYNCHBURG,6/15/2012,1690,PA,THE FARMERS BANK OF LYNCHBURG,4011
160024,28751.0,PALATKA,6/15/2012,27405,PA,PUTNAM STATE BANK,4012
147896,44760.0,MARIETTA,6/15/2012,35299,PA,SECURITY EXCHANGE BANK,4013
44828,8725.0,KINGFISHER,6/8/2012,416,PA,FIRST CAPITAL BANK,4007
42302,10243.0,SHABBONA,6/8/2012,9257,PA,FARMERS' AND TRADERS' STATE BANK,4008
472704,23756.0,WHITEVILLE,6/8/2012,34515,PA,WACCAMAW BANK,4009
53082,17630.0,CHARLESTON,6/8/2012,35372,PA,CAROLINA FEDERAL SAVINGS BANK,4010
45149,10672.0,SYLACAUGA,5/18/2012,35224,PA,"ALABAMA TRUST BANK, NATIONAL ASSOCIATION",4006
99067,15098.0,NORTH LAUDERDALE,5/4/2012,23156,PA,"SECURITY BANK, NATIONAL ASSOCIATION",4005
129023,26331.0,PALM DESERT,4/27/2012,23632,PA,PALM DESERT NATIONAL BANK,4000
150951,57856.0,CAMBRIDGE,4/27/2012,26759,DINB,BANK OF THE EASTERN SHORE,4001
458053,79681.0,MAPLE GROVE,4/27/2012,31495,PA,"INTER SAVINGS BANK, FSB D/B/A/ INTERBANK, FSB",4002
415943,83230.0,PAWLEYS ISLAND,4/27/2012,32503,PA,PLANTATION FEDERAL BANK,4003
145534,26694.0,GAITHERSBURG,4/27/2012,57766,PA,HARVEST BANK OF MARYLAND,4004
47786,11925.0,FORT LEE,4/20/2012,35527,PA,"FORT LEE FEDERAL SAVINGS BANK, FSB",3999
747640,97229.0,DEARBORN,3/30/2012,33883,PA,FIDELITY BANK,3998
198953,69338.0,WILMETTE,3/23/2012,35419,PA,PREMIER BANK,3996
90632,30279.0,ROCK SPRING,3/23/2012,58068,PA,CONVENANT BANK & TRUST,3997
72399,13227.0,CHICAGO,3/9/2012,57597,PO,NEW CITY BANK,3995
116813,40289.0,DORAVILLE,3/2/2012,34046,PA,GLOBAL COMMERCE BANK,3994
266589,51763.0,ELLAVILLE,2/24/2012,5687,PA,CENTRAL BANK OF GEORGIA,3992
432223,43037.0,LITTLE FALLS,2/24/2012,29178,PO,HOME SAVINGS OF AMERICA,3993
89485,18454.0,HOFFMAN ESTATES,2/10/2012,23187,PA,CHARTER NATIONAL BANK AND TRUST,3990
171365,38269.0,SHELBYVILLE,2/10/2012,29761,PA,SCB BANK,3991
378309,54383.0,JACKSONVILLE,1/27/2012,16579,PA,FIRST GUARANTY BANK AND TRUST COMPANY OF JACKSONVILLE,3986
259571,74064.0,KNOXVILLE,1/27/2012,19869,PA,BANKEAST,3987
102833,35346.0,FOREST LAKE,1/27/2012,34823,PA,PATRIOT BANK MINNESOTA,3988
1037716,351815.0,FRANKLIN,1/27/2012,35296,PA,TENNESSEE COMMERCE BANK,3989
509065,192145.0,STOCKBRIDGE,1/20/2012,19252,PA,THE FIRST STATE BANK,3983
17548,4671.0,BOOTHWYN,1/20/2012,31581,PA,AMERICAN EAGLE SAVINGS BANK,3984
71080,13697.0,BELLEVIEW,1/20/2012,57186,PA,CENTRAL FLORIDA STATE BANK,3985
144491,41735.0,PHOENIX,12/16/2011,57917,PA,WESTERN NATIONAL BANK,3981
112050,25065.0,CRESTVIEW,12/16/2011,58343,PA,PREMIER COMMUNITY BANK OF THE EMERALD COAST,3982
81967,16053.0,JOHNSTON,11/18/2011,14194,PA,POLK COUNTY BANK,3979
347720,48824.0,LACOMBE,11/18/2011,19657,PA,CENTRAL PROGRESSIVE BANK,3980
55906,20301.0,ROCKMART,11/10/2011,57860,PA,COMMUNITY BANK OF ROCKMART,3978
105461,10944.0,OMAHA,11/4/2011,19397,PA,"MID CITY BANK, INC.",3976
169135,43575.0,SAINT GEORGE,11/4/2011,57087,PA,SUNFIRST BANK,3977
30542,13753.0,DES PLAINES,10/28/2011,57759,PA,ALL AMERICAN BANK,3975
1239630,169247.0,GREENWOOD VILLAGE,10/21/2011,21132,PA,COMMUNITY BANKS OF COLORADO,3971
172042,24568.0,DECATUR,10/21/2011,34392,PA,DECATUR FIRST BANK,3972
157808,64965.0,JONESBORO,10/21/2011,57036,PA,COMMUNITY CAPITAL BANK,3973
212184,26299.0,CLEARWATER,10/21/2011,57537,PA,OLD HARBOR BANK,3974
159628,44112.0,ASHEVILLE,10/14/2011,32347,PA,"BLUE RIDGE SAVINGS BANK, INC.",3967
180835,69305.0,ALEDO,10/14/2011,35395,PA,COUNTRY BANK,3968
178773,88194.0,GRAY,10/14/2011,57256,PA,PIEDMONT COMMUNITY BANK,3969
188099,45629.0,CRANFORD,10/14/2011,58046,PA,FIRST STATE BANK,3970
384120,71176.0,WYOMING,10/7/2011,10216,PA,THE RIVERBANK,3965
280649,93109.0,ELLINGTON,10/7/2011,20115,PA,SUN SECURITY BANK,3966
208775,58022.0,PLANO,9/30/2011,33513,PA,FIRST INTERNATIONAL BANK,3964
901845,238719.0,NORFOLK,9/23/2011,20408,PA,BANK OF THE COMMONWEALTH,3962
253079,40895.0,NEVADA CITY,9/23/2011,33983,PA,CITIZENS BANK OF NORTHERN CALIFORNIA,3963
280095,75749.0,MILTON,9/9/2011,25155,PA,THE FIRST NATIONAL BANK OF FLORIDA,3961
96583,33845.0,WOODSTOCK,9/2/2011,58226,PA,CREEKSIDE BANK,3959
140612,54248.0,CUMMING,9/2/2011,58273,PA,PATRIOT BANK OF GEORGIA,3960
1253835,186991.0,PALM BEACH,8/19/2011,35356,PA,LYDIAN PRIVATE BANK,3956
137215,34064.0,GENEVA,8/19/2011,57212,PA,FIRST CHOICE BANK,3957
159673,22171.0,STATESBORO,8/19/2011,57239,PA,FIRST SOUTHERN NATIONAL BANK,3958
45770,15828.0,HUNTINGDON VALLEY,8/18/2011,34130,PA,PUBLIC SAVINGS BANK,3955
524290,103328.0,OLATHE,8/12/2011,4744,PA,THE FIRST NATIONAL BANK OF OLATHE,3954
515732,100914.0,COLFAX,8/5/2011,22528,PA,BANK OF WHITMAN,3952
104021,29378.0,SHOREWOOD,8/5/2011,22637,PA,BANK OF SHOREWOOD,3953
1693592,29723.0,EVANSVILLE,7/29/2011,4392,PA,INTEGRA BANK NATIONAL ASSOCIATION,3949
209737,49181.0,COLUMBIA,7/29/2011,58222,PA,"BANKMERIDIAN, N.A.",3950
72955,19851.0,RICHMOND,7/29/2011,58283,PA,VIRGINIA BUSINESS BANK,3951
818670,135593.0,GREELEY,7/22/2011,2994,PA,BANK OF CHOICE,3946
244362,37389.0,SARASOTA,7/22/2011,35244,PA,LANDMARK BANK OF FLORIDA,3947
41434,11403.0,APOLLO BEACH,7/22/2011,58056,PA,SOUTHSHORE COMMUNITY BANK,3948
177221,70772.0,STOCKBRIDGE,7/15/2011,19554,PA,HIGH TRUST BANK,3942
207621,13110.0,PORT SAINT LUCIE,7/15/2011,34870,PA,FIRST PEOPLES BANK,3943
67471,14868.0,PRESCOTT,7/15/2011,57442,PA,SUMMIT BANK,3944
158123,40555.0,ATLANTA,7/15/2011,58238,PA,ONE GEORGIA BANK,3945
830530,192899.0,CHICAGO,7/8/2011,27935,PA,FIRST CHICAGO BANK & TRUST,3939
635202,254944.0,CASTLE ROCK,7/8/2011,34522,PA,COLORADO CAPITAL BANK,3940
60349,23311.0,WINDSOR,7/8/2011,57835,PA,SIGNATURE  BANK,3941
89554,34480.0,CLAYTON,6/24/2011,57593,PA,MOUNTAIN HERITAGE BANK,3938
324403,75418.0,JACKSON,6/17/2011,19237,PA,MCINTOSH STATE BANK,3936
92641,33477.0,TAMPA,6/17/2011,27583,PA,FIRST COMMERCIAL BANK OF TAMPA BAY,3937
191614,31204.0,CHARLESTON,6/3/2011,58420,PA,ATLANTIC BANK AND TRUST,3935
163303,33596.0,SNOHOMISH,5/27/2011,23626,PA,FIRST HERITAGE BANK,3934
131631,24195.0,BURLINGTON,5/20/2011,513,PA,SUMMIT BANK,3931
707643,280971.0,MACON,5/20/2011,57213,PA,ATLANTIC SOUTHERN BANK,3932
702231,134595.0,FRANKLIN,5/20/2011,57647,PA,FIRST GEORGIA BANKING COMPANY,3933
123950,18527.0,COCOA BEACH,5/6/2011,34898,PA,COASTAL BANK,3930
724483,212045.0,VALDOSTA,4/29/2011,19797,PA,THE PARK AVENUE BANK,3925
308784,42899.0,WINTER PARK,4/29/2011,26297,PA,FIRST NATIONAL BANK OF CENTRAL FLORIDA,3926
371494,98636.0,MOUNT CLEMENS,4/29/2011,34234,PA,COMMUNITY CENTRAL BANK,3927
65439,17194.0,BROOKSVILLE,4/29/2011,57625,PA,CORTEZ COMMUNITY  BANK,3928
294769,105180.0,DALLAS,4/29/2011,58539,PA,FIRST CHOICE COMMUNITY BANK,3929
205035,37841.0,CARTHAGE,4/15/2011,14273,PA,HERITAGE BANKING GROUP,3919
2736201,284776.0,BIRMINGHAM,4/15/2011,17750,PA,SUPERIOR BANK,3920
611681,182002.0,BIRMINGHAM,4/15/2011,19794,PA,NEXITY BANK,3921
290005,83037.0,CARTERSVILLE,4/15/2011,21495,PA,BARTOW COUNTY BANK,3922
20980,5398.0,ROSEMOUNT,4/15/2011,24099,PA,ROSEMOUNT NATIONAL BANK,3923
99022,34708.0,EAST ELLIJAY,4/15/2011,57705,PA,NEW HORIZONS BANK,3924
182441,38047.0,WESTERN SPRINGS,4/8/2011,10086,PA,WESTERN SPRINGS NATIONAL BANK AND TRUST,3917
128573,38492.0,LAS VEGAS,4/8/2011,35418,PA,NEVADA COMMERCE BANK,3918
161379,44142.0,WOOD DALE,3/25/2011,34292,PA,THE BANK OF COMMERCE,3916
68331,29846.0,DAVIS,3/11/2011,4077,PA,THE FIRST NATIONAL BANK OF DAVIS,3914
183309,73718.0,MILWAUKEE,3/11/2011,34818,PA,LEGACY BANK,3915
124179,28270.0,ST. CHARLES,2/25/2011,34187,PA,VALLEY COMMUNITY BANK,3913
339934,119370.0,CLARKESVILLE,2/18/2011,151,PA,HABERSHAM BANK,3909
206490,48229.0,SPRINGFIELD,2/18/2011,34601,PA,CITIZENS BANK OF EFFINGHAM,3910
272216,72906.0,SAN LUIS OBISPO,2/18/2011,34783,PA,"SAN LUIS TRUST BANK, FSB",3911
105309,20076.0,NAPA,2/18/2011,57855,PA,CHARTER OAK BANK,3912
78549,19454.0,CASSVILLE,2/11/2011,13272,PA,BADGER STATE BANK,3905
389868,103057.0,HAMTRAMCK,2/11/2011,14939,PA,PEOPLES STATE BANK,3906
205285,15617.0,PALM SPRINGS,2/11/2011,34692,PA,CANYON NATIONAL BANK,3907
116715,32294.0,PORT ORANGE,2/11/2011,35478,PA,SUNSHINE STATE COMMUNITY BANK,3908
139672,48161.0,WATKINSVILLE,2/4/2011,35242,PA,NORTH GEORGIA BANK,3902
222161,69323.0,ROSWELL,2/4/2011,57432,PA,AMERICAN TRUST BANK,3903
49504,10213.0,CHICAGO,2/4/2011,57948,PA,COMMUNITY FIRST BANK - CHICAGO,3904
41204,33590.0,CAMARGO,1/28/2011,2303,PA,THE FIRST STATE BANK,3898
193694,28060.0,STOUGHTON,1/28/2011,5328,PA,EVERGREEN STATE BANK,3899
1847851,230712.0,TAOS,1/28/2011,12261,PA,FIRST COMMUNITY BANK,3900
718797,232851.0,LOUISVILLE,1/28/2011,57646,DINB,FIRSTIER BANK,3901
94591,43538.0,MCDONOUGH,1/21/2011,19758,DINB,ENTERPRISE BANKING COMPANY,3894
1535194,136748.0,DENVER,1/21/2011,31293,PA,UNITED WESTERN BANK,3895
199394,43945.0,ASHEVILLE,1/21/2011,34516,PA,THE BANK OF ASHEVILLE,3896
314250,45189.0,EASLEY,1/21/2011,57868,PA,COMMUNITYSOUTH BANK AND TRUST,3897
201369,84066.0,BRUNSWICK,1/14/2011,57440,PA,OGLETHORPE BANK,3893
537223,88904.0,ORLANDO,1/7/2011,34965,PA,FIRST COMMERCIAL BANK OF FLORIDA,3891
119685,32224.0,SCOTTSDALE,1/7/2011,57820,PA,LEGACY BANK,3892
374218,28965.0,CORAL GABLES,12/17/2010,19040,PA,THE BANK OF MIAMI,3885
28844,5827.0,LINO LAKES,12/17/2010,23306,PA,COMMUNITY NATIONAL BANK,3886
240476,83075.0,DAWSONVILLE,12/17/2010,34578,PA,CHESTATEE STATE BANK,3887
193803,96415.0,ATLANTA,12/17/2010,35065,PA,UNITED AMERICAS BANK,3888
155803,24771.0,BATESVILLE,12/17/2010,58052,PA,FIRST SOUTHERN BANK,3889
76360,28452.0,MCCAYSVILLE,12/17/2010,58495,PA,"APPALACIAN COMMUNITY BANK, F.S.B.",3890
213550,68586.0,FARMINGTON HILLS,12/10/2010,34673,PA,PARAMOUNT BANK,3883
104505,22495.0,SOUTHAMPTON,12/10/2010,35561,PA,EARTHSTAR BANK,3884
664752,86071.0,BURLINGTON,11/19/2010,5287,PA,FIRST BANKING CENTER,3880
112193,44443.0,CARRABELLE,11/19/2010,20340,PA,GULF STATE COMMUNITY BANK,3881
91996,12652.0,BALA CYNWYD,11/19/2010,35078,PA,ALLEGIANCE BANK OF NORTH AMERICA,3882
587626,125908.0,VIDALIA,11/12/2010,14580,PA,DARBY BANK & TRUST COMPANY,3877
190182,52561.0,SCOTTSDALE,11/12/2010,35463,PA,COPPER STAR BANK,3878
141573,21383.0,TIFTON,11/12/2010,57831,PA,TIFTON BANKING COMPANY,3879
500056,136316.0,RANDALLSTOWN,11/5/2010,31263,PA,K BANK,3873
193473,26754.0,TACOMA,11/5/2010,34411,PA,PIERCE COMMERCIAL BANK,3874
47012,14264.0,WESTMINSTER,11/5/2010,57885,PA,FIRST VIETNAMESE AMERICAN BANK,3875
101127,16943.0,WOODLAND HILLS,11/5/2010,58087,PA,WESTERN COMMERCIAL BANK,3876
122880,46897.0,BARNESVILLE,10/22/2010,2119,PA,THE FIRST NATIONAL BANK OF BARNESVILLE,3866
135475,44303.0,MAYWOOD,10/22/2010,16089,PA,FIRST SUBURBAN NATIONAL BANK,3867
1488785,275262.0,OVERLAND PARK,10/22/2010,22173,PA,HILLCREST BANK,3868
72198,14277.0,JACKSONVILLE,10/22/2010,27573,PA,FIRST BANK OF JACKSONVILLE,3869
86861,34562.0,TAMPA,10/22/2010,32251,PA,PROGRESS BANK OF FLORIDA,3870
190615,26776.0,SCOTTSDALE,10/22/2010,32582,PO,"FIRST ARIZONA SAVINGS, A FSB",3871
26867,10354.0,GORDON,10/22/2010,33904,PA,THE GORDON BANK,3872
347080,53100.0,OLATHE,10/15/2010,30898,PA,"SECURITY SAVINGS BANK, F.S.B.",3863
869367,308543.0,JEFFERSON CITY,10/15/2010,34016,PA,PREMIER BANK,3864
70131,22436.0,CHESTERFIELD,10/15/2010,58205,PA,WESTBRIDGE BANK AND TRUST COMPANY,3865
367228,119933.0,CRAWFORDVILLE,10/1/2010,21777,PA,WAKULLA BANK,3861
90644,23478.0,SHORELINE,10/1/2010,35250,PA,SHORELINE BANK,3862
276081,70800.0,ARLINGTON,9/24/2010,35053,PA,NORTH COUNTY BANK,3859
133561,34827.0,PONTE VEDRA BEACH,9/24/2010,58308,PA,HAVEN TRUST BANK FLORIDA,3860
398181,101852.0,WINDER,9/17/2010,182,PA,THE PEOPLES BANK,3853
41551,17928.0,MILFORD,9/17/2010,27808,PA,BRAMBLE SAVINGS BANK,3854
248134,88384.0,WEST ALLIS,9/17/2010,28612,PA,MARITIME SAVINGS BANK,3855
79652,18856.0,CHERRY HILL,9/17/2010,57107,PA,ISN BANK,3856
242831,101039.0,DOUGLASVILLE,9/17/2010,57448,PA,FIRST COMMERCE COMMUNITY BANK,3857
160718,79709.0,ELLIJAY,9/17/2010,58197,PA,THE BANK OF ELLIJAY,3858
164594,61295.0,BRADENTON,9/10/2010,35061,PA,HORIZON BANK,3852
1547403,525962.0,CHICAGO,8/20/2010,15640,PA,SHOREBANK,3844
63708,9170.0,BARTOW,8/20/2010,25266,PA,COMMUNITY NATIONAL BANK AT BARTOW,3845
278832,34038.0,STOCKTON,8/20/2010,27090,PA,PACIFIC STATE BANK,3846
255501,10285.0,SONOMA,8/20/2010,27259,PA,SONOMA VALLEY BANK,3847
141877,11982.0,OCALA,8/20/2010,27344,PA,INDEPENDENT NATIONAL BANK,3848
10090,4746.0,MARTINSVILLE,8/20/2010,31623,PA,IMPERIAL SAVINGS AND LOAN ASSOCIATION,3849
770899,3434.0,SOLVANG,8/20/2010,32165,PA,LOS PADRES BANK,3850
471256,1663.0,CHICO,8/20/2010,33219,PA,BUTTE COMMUNITY BANK,3851
467784,66962.0,PALOS HEIGHTS,8/13/2010,17599,PA,PALOS BANK AND TRUST COMPANY,3843
269448,67728.0,CHICAGO,8/6/2010,34231,PA,RAVENSWOOD BANK,3842
370016,116866.0,PANAMA CITY BEACH,7/30/2010,9619,PA,COASTAL COMMUNITY BANK,3837
474742,31393.0,LONGVIEW,7/30/2010,22643,PA,THE COWLITZ BANK,3838
692670,50954.0,EUGENE,7/30/2010,31964,PA,LIBERTYBANK,3839
155531,33627.0,ACWORTH,7/30/2010,57658,PA,NORTHWEST BANK & TRUST,3840
52720,12479.0,PORT SAINT JOE,7/30/2010,57669,PA,BAYSIDE SAVINGS BANK,3841
27048,6651.0,SYLVAN GROVE,7/23/2010,10506,PA,THUNDER BANK,3830
126993,2425.0,KINGSTREE,7/23/2010,17837,PA,WILLIAMSBURG FIRST NATIONAL BANK,3831
227935,28068.0,CAVE JUNCTION,7/23/2010,23181,PA,HOME VALLEY BANK,3832
932809,303698.0,JASPER,7/23/2010,27559,PA,CRESCENT BANK AND TRUST COMPANY,3833
329541,41792.0,LANTANA,7/23/2010,32536,PA,STERLING BANK,3834
95100,18495.0,NEW PRAGUE,7/23/2010,34486,PA,COMMUNITY SECURITY BANK,3835
183985,86297.0,LAS VEGAS,7/23/2010,35434,PA,SOUTHWESTUSA BANK,3836
375522,64179.0,MIAMI,7/16/2010,25172,PA,METRO BANK OF DADE COUNTY,3824
63291,12789.0,HASTINGS,7/16/2010,28136,PA,"MAINSTREET SAVINGS BANK, FSB",3825
157997,25533.0,CLEWISTON,7/16/2010,28864,PA,OLDE CYPRESS COMMUNITY BANK,3826
179169,28658.0,AVENTURA,7/16/2010,32280,PA,TURNBERRY BANK,3827
364808,107349.0,BLUFFTON,7/16/2010,32571,PA,WOODLANDS BANK,3828
550891,68274.0,SPARTANBURG,7/16/2010,35383,PA,FIRST NATIONAL BANK OF THE SOUTH,3829
514038,65822.0,BLACKWELL,7/9/2010,11636,PA,HOME NATIONAL BANK,3820
5803,3694.0,BALTIMORE,7/9/2010,32456,PO,IDEAL FEDERAL SAVINGS BANK,3821
212612,21144.0,BALTIMORE,7/9/2010,35462,PA,BAY NATIONAL BANK,3822
188644,63537.0,PORT CHESTER,7/9/2010,58072,PA,USA BANK,3823
580140,184045.0,ENGLEWOOD,6/25/2010,26563,PA,PENINSULA BANK,3817
231857,78167.0,SAVANNAH,6/25/2010,34152,PA,FIRST NATIONAL BANK,3818
80985,28392.0,ALBUQUERQUE,6/25/2010,35279,PA,HIGH DESERT STATE BANK,3819
479759,70039.0,RENO,6/18/2010,57110,PA,NEVADA SECURITY BANK,3816
441362,95151.0,SEATTLE,6/11/2010,32955,PA,WASHINGTON FIRST INTERNATIONAL BANK,3815
63483,18085.0,ROSEDALE,6/4/2010,15814,PA,FIRST NATIONAL BANK,3812
2185817,0.0,LINCOLN,6/4/2010,29341,PA,TIERONE BANK,3813
18092,11534.0,ARCOLA,6/4/2010,31813,PO,ARCOLA HOMESTEAD SAVINGS BANK,3814
353943,115960.0,LAS VEGAS,5/28/2010,34785,PA,SUN WEST BANK,3807
559897,87638.0,NAPLES,5/28/2010,35106,PA,BANK OF FLORIDA - SOUTHWEST,3808
94252,13175.0,GRANITE BAY,5/28/2010,57315,PA,"GRANITE COMMUNITY BANK, NATIONAL ASSOCIATION",3809
531752,60470.0,FORT LAUDERDALE,5/28/2010,57360,PA,BANK OF FLORIDA - SOUTHEAST,3810
224024,30582.0,TAMPA BAY,5/28/2010,57814,PA,BANK OF FLORIDA - TAMPA BAY,3811
58288,8410.0,ST. PAUL,5/21/2010,57735,PA,PINEHURST BANK,3806
2420738,0.0,ELMWOOD PARK,5/14/2010,18117,PA,MIDWEST BANK AND TRUST COMPANY,3802
102463,25580.0,SPRINGFIELD,5/14/2010,34255,PA,SOUTHWEST COMMUNITY BANK,3803
134005,36321.0,SAINT MARYS,5/14/2010,35114,PA,SATILLA COMMUNITY BANK,3804
101884,23558.0,PLYMOUTH,5/14/2010,35586,PA,NEW LIBERTY BANK,3805
230190,65887.0,BONIFAY,5/7/2010,14246,PA,THE BANK OF BONIFAY,3798
31969,7916.0,CHAMPLIN,5/7/2010,16476,PA,ACCESS BANK,3799
291173,6342.0,SAN DIEGO,5/7/2010,35517,PA,1st PACIFIC BANK OF CALIFORNIA,3800
113243,44322.0,MESA,5/7/2010,57697,PA,TOWNE BANK OF ARIZONA,3801
43635,8620.0,BUTLER,4/30/2010,17792,PA,BC NATIONAL BANKS,3791
2846886,453920.0,EVERETT,4/30/2010,22710,PA,FRONTIER BANK,3792
1861350,539124.0,SAN JUAN,4/30/2010,27150,PA,EUROBANK,3793
1418445,340615.0,PORT HURON,4/30/2010,30005,PA,CF BANCORP,3794
8420357,2176561.0,MAYAGUEZ,4/30/2010,31027,PA,WESTERNBANK PUERTO RICO,3795
4220108,982415.0,HATO REY,4/30/2010,32185,PA,R-G PREMIER BANK OF PUERTO RICO,3796
162816,57091.0,CREVE COEUR,4/30/2010,58362,PA,CHAMPION BANK,3797
2743485,14586.0,ROCKFORD,4/23/2010,3735,PA,"AMCORE BANK, NATIONAL ASSOCIATION",3784
124676,45596.0,PEOTONE,4/23/2010,10888,PA,PEOTONE BANK AND TRUST COMPANY,3785
1023421,377438.0,CHICAGO,4/23/2010,22853,PA,BROADWAY BANK,3786
162627,37917.0,CHICAGO,4/23/2010,30600,PA,LINCOLN PARK SAVINGS BANK,3787
72772,41327.0,CHICAGO,4/23/2010,34658,PA,CITIZENS BANK & TRUST COMPANY OF CHICAGO,3788
438999,132056.0,CHICAGO,4/23/2010,34821,PA,NEW CENTURY BANK,3789
448917,189658.0,NAPERVILLE,4/23/2010,58429,PA,WHEATLAND BANK,3790
919606,154993.0,LYNNWOOD,4/16/2010,21521,PA,CITY BANK,3776
223164,22715.0,OAKLAND,4/16/2010,23876,PA,INNOVATIVE BANK,3777
2724475,0.0,FORT PIERCE,4/16/2010,24067,PA,RIVERSIDE NATIONAL BANK OF FLORIDA,3778
227420,18261.0,LOWELL,4/16/2010,26619,PA,BUTLER BANK,3779
369617,11969.0,PALATKA,4/16/2010,28886,PA,FIRST FEDERAL BANK OF NORTH FLORIDA,3780
457206,0.0,SAN RAFAEL,4/16/2010,33493,PA,TAMALPAIS BANK,3781
48622,20977.0,STERLING HEIGHTS,4/16/2010,34878,PO,LAKESIDE COMMUNITY BANK,3782
100070,16404.0,CLERMONT,4/16/2010,57724,PA,AMERICANFIRST BANK,3783
521138,164585.0,MYRTLE BEACH,4/9/2010,34242,PA,BEACH FIRST NATIONAL BANK,3775
264286,73589.0,CARTERSVILLE,3/26/2010,34678,PA,UNITY NATIONAL BANK,3771
67662,16210.0,KEY WEST,3/26/2010,34684,PA,KEY WEST BANK,3772
426473,108862.0,PHOENIX,3/26/2010,57060,PA,DESERT HILLS BANK,3773
343339,164026.0,CARROLLTON,3/26/2010,57399,PA,MCINTOSH COMMERCIAL BANK,3774
27801,7026.0,AURORA,3/19/2010,8221,PA,STATE BANK OF AURORA,3764
339597,107263.0,HIAWASSEE,3/19/2010,10054,PA,BANK OF HIAWASSEE,3765
66752,14960.0,PARMA,3/19/2010,18806,PA,AMERICAN NATIONAL BANK,3766
131117,11725.0,FORT DEPOSIT,3/19/2010,24957,PA,FIRST LOWNDES BANK,3767
1519471,521525.0,DRAPER,3/19/2010,33535,PO,ADVANTA BANK CORP.,3768
917575,456455.0,ELLIJAY,3/19/2010,33989,PA,APPALACHIAN COMMUNITY BANK,3769
93967,37707.0,DULUTH,3/19/2010,58104,PA,CENTURY SECURITY BANK,3770
494505,76368.0,NEW YORK,3/12/2010,27096,PA,THE PARK AVENUE BANK,3761
207821,26124.0,COVINGTON,3/12/2010,29561,PA,STATEWIDE BANK,3762
319746,76501.0,ORLANDO,3/12/2010,58182,PA,OLD SOUTHERN BANK,3763
209477,18407.0,NEW YORK,3/11/2010,58071,PA,LIBERTYPOINTE BANK,3760
198487,18737.0,NORMAL,3/5/2010,9268,PA,BANK OF ILLINOIS,3756
443481,122301.0,BOCA RATON,3/5/2010,27126,PA,SUN AMERICAN BANK,3757
205076,70515.0,OGDEN,3/5/2010,34430,PO,CENTENNIAL BANK,3758
156188,11322.0,GERMANTOWN,3/5/2010,34976,DINB,WATERFIELD BANK,3759
446192,2752.0,TACOMA,2/26/2010,38129,PA,RAINIER PACIFIC BANK,3754
50024,14451.0,CARSON CITY,2/26/2010,58352,PA,CARSON RIVER COMMUNITY BANK,3755
49275,5709.0,LA COSTE,2/19/2010,3287,PA,THE LA COSTE NATIONAL BANK,3750
395310,118852.0,ORLAND PARK,2/19/2010,29952,PA,GEORGE WASHINGTON SAVINGS BANK,3751
2799362,560147.0,LA JOLLA,2/19/2010,32423,PA,"LA JOLLA BANK, FSB",3752
117097,25614.0,MARCO ISLAND,2/19/2010,57586,PA,MARCO COMMUNITY BANK,3753
16327,4521.0,HANCOCK,2/5/2010,15448,PA,1ST AMERICAN STATE BANK OF MINNESOTA,3749
776556,308984.0,IMMOKALEE,1/29/2010,5672,PA,FLORIDA COMMUNITY BANK,3743
1067957,477153.0,CORNELIA,1/29/2010,5702,PA,COMMUNITY BANK & TRUST,3744
55662,1063.0,HALLOCK,1/29/2010,16133,PA,"MARSHALL BANK, NATIONAL ASSOCIATION",3745
780196,203881.0,CARROLLTON,1/29/2010,16480,PA,FIRST NATIONAL BANK OF GEORGIA,3746
287443,28352.0,BAINBRIDGE ISLAND,1/29/2010,16730,PA,AMERICAN MARINE BANK,3747
1664450,224134.0,LOS ANGELES,1/29/2010,23011,PA,FIRST REGIONAL BANK,3748
20335,7092.0,LEETON,1/22/2010,8265,PA,BANK OF LEETON,3738
340378,43422.0,SEATTLE,1/22/2010,20501,PA,EVERGREEN BANK,3739
908132,54899.0,THE DALLES,1/22/2010,22469,PA,COLUMBIA RIVER BANK,3740
859933,127197.0,SANTA FE,1/22/2010,32498,PA,CHARTER BANK,3741
285554,84454.0,MIAMI,1/22/2010,57147,PA,PREMIER AMERICAN BANK,3742
697109,106769.0,KAYSVILLE,1/15/2010,1252,DINB,BARNES BANKING COMPANY,3735
23912,7707.0,ST. STEPHEN,1/15/2010,17522,PA,ST. STEPHEN STATE BANK,3736
68323,23289.0,ANTIOCH,1/15/2010,34705,PA,TOWN COMMUNITY BANK AND TRUST,3737
1049063,205488.0,BELLINGHAM,1/8/2010,22977,PA,HORIZON BANK,3734
157149,68171.0,NEW BALTIMORE,12/18/2009,1006,DINB,CITIZENS STATE BANK,3727
2822300,270000.0,LA JOLLA,12/18/2009,26348,PA,IMPERIAL CAPITAL BANK,3728
511473,0.0,SPRINGFIELD,12/18/2009,26820,PI,INDEPENDENT BANKERS' BANK,3729
4538607,0.0,SANTA MONICA,12/18/2009,28536,PA,"FIRST FEDERAL BANK OF CALIFORNIA,  A FEDERAL SAVINGS BANK",3730
1684443,597058.0,PANAMA CITY,12/18/2009,32167,PA,PEOPLES FIRST COMMUNITY BANK,3731
1163916,311641.0,IRONDALE,12/18/2009,32276,PA,NEW SOUTH FEDERAL SAVINGS BANK,3732
291707,98837.0,ATLANTA,12/18/2009,58315,PO,ROCKBRIDGE COMMERCIAL BANK,3733
421271,93393.0,OVERLAND PARK,12/11/2009,4731,PA,SOLUTIONSBANK,3724
352695,77977.0,MIAMI,12/11/2009,22846,PA,"REPUBLIC FEDERAL BANK, N.A.",3725
41312,15047.0,MESA,12/11/2009,58399,PA,"VALLEY CAPITAL BANK, N.A.",3726
182760,79321.0,AURORA,12/4/2009,10440,PA,BENCHMARK BANK,3718
47100,14705.0,REIDSVILLE,12/4/2009,12080,PA,THE TATNALL BANK,3719
121645,34282.0,NORCROSS,12/4/2009,26290,PA,FIRST SECURITY NATIONAL BANK,3720
8558609,1698481.0,CLEVELAND,12/4/2009,29776,PA,AMTRUST BANK,3721
179248,26610.0,RESTON,12/4/2009,32583,PA,GREATER ATLANTIC BANK,3722
813668,310552.0,ATLANTA,12/4/2009,34663,PA,THE BUCKHEAD COMMUNITY BANK,3723
72821,32236.0,FORT MYERS,11/20/2009,58016,PA,COMMERCE BANK OF SOUTHWEST FLORIDA,3717
2169446,713129.0,NAPLES,11/13/2009,22427,PA,ORION BANK,3714
659742,306877.0,SARASOTA,11/13/2009,32267,PA,"CENTURY BANK, A FEDERAL SAVINGS BANK",3715
128867,33470.0,SAN CLEMENTE,11/13/2009,57914,PA,PACIFIC COAST NATIONAL BANK,3716
27534,11648.0,ST LOUIS,11/6/2009,19450,PA,GATEWAY BANK OF ST LOUIS,3709
149616,60895.0,SPARTA,11/6/2009,22286,PA,UNITED SECURITY BANK,3710
12730,8612.0,DETROIT,11/6/2009,30329,PA,HOME FEDERAL SAVINGS BANK,3711
7653666,576110.0,SAN FRANCISCO,11/6/2009,32469,PA,UNITED COMMERCIAL BANK,3712
182794,31685.0,OAKDALE,11/6/2009,35074,PA,PROSPERAN BANK,3713
3716626,6402.0,CHICAGO,10/30/2009,11677,PA,PARK NATIONAL BANK,3700
307166,12000.0,HOUSTON,10/30/2009,18776,PA,NORTH HOUSTON BANK,3701
2891576,39691.0,SAN DIEGO,10/30/2009,23594,PA,SAN DIEGO NATIONAL BANK,3702
97590,5846.0,TEAGUE,10/30/2009,25222,PA,CITIZENS NATIONAL BANK,3703
1757986,61914.0,SAN FRANCISCO,10/30/2009,30006,PA,PACIFIC NATIONAL BANK,3704
170685,11741.0,PHOENIX,10/30/2009,32218,PA,"BANK USA, NA",3705
224653,0.0,MADISONVILLE,10/30/2009,33782,PA,MADISONVILLE STATE BANK,3706
6145207,185616.0,LOS ANGELES,10/30/2009,34659,PA,CALIFORNIA NATIONAL BANK,3707
80688,25945.0,LEMONT,10/30/2009,35291,PA,COMMUNITY BANK OF LEMONT,3708
272782,99463.0,RACINE,10/23/2009,18321,PA,BANK OF ELMWOOD,3693
253992,85319.0,WESTMONT,10/23/2009,35038,PA,FIRST DUPAGE BANK,3694
170118,62112.0,BRADENTON,10/23/2009,35044,PA,FLAGSHIP NATIONAL BANK,3695
75012,23476.0,OSTEGO,10/23/2009,57525,PA,RIVERVIEW COMMUNITY BANK,3696
102386,44018.0,LAWRENCEVILLE,10/23/2009,57794,PA,AMERICAN UNITED BANK,3697
64798,31809.0,NAPLES,10/23/2009,57959,PA,PARTNERS BANK,3698
83254,42976.0,NAPLES,10/23/2009,58336,PA,HILLCREST BANK FLORIDA,3699
626359,79080.0,BAKERSFIELD,10/16/2009,23266,PA,SAN JOAQUIN BANK,3692
50801,18876.0,SPRING GROVE,10/2/2009,11416,PA,JENNINGS STATE BANK,3689
467767,217487.0,WARREN,10/2/2009,34824,PA,WARREN BANK,3690
29568,8323.0,PUEBLO,10/2/2009,57263,PA,SOUTHERN COLORADO NATIONAL BANK,3691
1960123,960820.0,ATLANTA,9/25/2009,57151,PA,GEORGIAN BANK,3688
2254025,755962.0,COLUMBUS,9/18/2009,10100,PA,IRWIN UNION BANK AND TRUST COMPANY,3686
462611,114006.0,LOUISVILLE,9/18/2009,57068,PA,"IRWIN UNION BANK, FSB",3687
7060693,0.0,CHICAGO,9/11/2009,13693,PA,"CORUS BANK, N.A.",3683
917729,201128.0,LACEY,9/11/2009,22868,PA,VENTURE BANK,3684
64981,24597.0,WOODBURY,9/11/2009,57736,PA,BRICKWELL COMMUNITY BANK,3685
209211,56911.0,OAK FOREST,9/4/2009,20203,PA,INBANK,3678
14479,7548.0,KANSAS CITY,9/4/2009,25231,PA,FIRST BANK OF KANSAS CITY,3679
394369,101576.0,SIOUX CITY,9/4/2009,27732,PA,VANTUS BANK,3680
95734,49833.0,FLAGSTAFF,9/4/2009,34875,PA,FIRST STATE BANK,3681
110186,0.0,ROLLING MEADOWS,9/4/2009,35030,PO,PLATINUM COMMUNITY BANK,3682
432818,89930.0,FOREST LAKE,8/28/2009,1909,PA,MAINSTREET BANK,3675
905593,234069.0,VENTURA,8/28/2009,27197,PA,AFFINITY BANK,3676
382159,46897.0,BALTIMORE,8/28/2009,28312,PA,BRADFORD BANK,3677
539422,126332.0,BIRMINGHAM,8/21/2009,22130,PA,CAPITALSOUTH BANK,3671
11984112,0.0,AUSTIN,8/21/2009,32618,PA,GUARANTY BANK,3672
131510,49948.0,ATLANTA,8/21/2009,34682,PA,EBANK,3673
154903,66684.0,NEWNAN,8/21/2009,57702,PA,FIRST COWETA,3674
20072099,2375470.0,MONTGOMERY,8/14/2009,9609,PA,COLONIAL BANK,3666
12984,8352.0,PITTSBURGH,8/14/2009,31559,PA,DWELLING HOUSE SAVINGS AND LOAN,3667
1372744,557962.0,LAS VEGAS,8/14/2009,34043,DINB,COMMUNITY BANK OF NEVADA,3668
110362,51989.0,GILBERT,8/14/2009,34485,PA,"UNION BANK, NATIONAL ASSOCIATION",3669
143834,26760.0,PHOENIX,8/14/2009,57645,PA,COMMUNITY BANK OF ARIZONA,3670
180691,73567.0,PRINEVILLE,8/7/2009,23268,PA,COMMUNITY FIRST BANK,3663
92352,25369.0,VENICE,8/7/2009,27183,PA,COMMUNITY NATIONAL BANK OF SARASOTA COUNTY,3664
394701,119466.0,SARASOTA,8/7/2009,27364,PA,FIRST STATE BANK,3665
98161,25969.0,ALTUS,7/31/2009,9873,PA,FIRST STATE BANK OF ALTUS,3658
1546525,793841.0,HARVEY,7/31/2009,18659,PA,MUTUAL BANK,3659
538787,61523.0,WEST CHESTER,7/31/2009,32288,PA,PEOPLES COMMUNITY BANK,3660
155463,20048.0,ELIZABTH,7/31/2009,34270,PA,FIRST BANKAMERICANO,3661
98511,36473.0,JUPITER,7/31/2009,57604,PA,INTEGRITY BANK,3662
375238,98201.0,GRAY,7/24/2009,8486,PA,SECURITY BANK OF JONES COUNTY,3651
313155,50980.0,PERRY,7/24/2009,27048,PA,SECURITY BANK OF HOUSTON COUNTY,3652
831437,414269.0,MACON,7/24/2009,27367,PA,SECURITY BANK OF BIBB COUNTY,3653
182413,102031.0,WOODSTOCK,7/24/2009,57105,PA,SECURITY BANK OF NORTH METRO,3654
256578,193409.0,SUWANNEE,7/24/2009,57346,PA,SECURITY BANK OF GWINNETT COUNTY,3655
179523,49000.0,ALPHARETTA,7/24/2009,57430,PA,SECURITY BANK OF NORTH FULTON,3656
56145,7875.0,WILLIAMSVILLE,7/24/2009,58065,PA,WATERFORD VILLAGE BANK,3657
1526186,278591.0,RANCHO CUCAMONGA,7/17/2009,23556,PA,"VINEYARD BANK, NATIONAL ASSOCIATION",3647
232203,110201.0,SIOUX FALLS,7/17/2009,34103,PA,BANKFIRST,3648
1276287,227400.0,TEMECULA,7/17/2009,34341,PA,TEMECULA VALLEY BANK,3649
108499,37998.0,WINDER,7/17/2009,34594,PA,FIRST PIEDMONT BANK,3650
66598,32543.0,THERMOPOLIS,7/10/2009,22754,PA,BANK OF WYOMING,3646
140185,24202.0,DANVILLE,7/2/2009,3644,PA,THE FIRST NATIONAL BANK OF DANVILLE,3639
48131,9832.0,ELIZABETH,7/2/2009,9262,PA,THE ELIZABETH STATE BANK,3640
30806,8030.0,WINCHESTER,7/2/2009,11710,PA,THE FIRST STATE BANK OF WINCHESTER,3641
65179,14315.0,CLINTON,7/2/2009,12093,PA,THE JOHN WARNER BANK,3642
74896,18558.0,OREGON,7/2/2009,15302,PA,ROCK RIVER BANK,3643
832160,129512.0,WORTH,7/2/2009,18390,PA,FOUNDERS BANK,3644
115478,52700.0,DALLAS,7/2/2009,57667,PA,MILLENNIUM STATE BANK OF TEXAS,3645
69254,24010.0,PINE CITY,6/26/2009,9744,PA,HORIZON BANK,3634
190070,80745.0,NEWNAN,6/26/2009,35285,PA,NEIGHBORHOOD COMMUNITY BANK,3635
409951,45309.0,LOS ANGELES,6/26/2009,57332,PA,MIRAE BANK,3636
189398,71712.0,VILLA RICA,6/26/2009,57436,PO,COMMUNITY BANK OF WEST GEORGIA,3637
70078,32168.0,IRVINE,6/26/2009,57893,PA,METROPACIFIC BANK,3638
142551,33230.0,ANTHONY,6/19/2009,4614,PA,FIRST NATIONAL BANK OF ANTHONY,3631
768479,287345.0,WILMINGTON,6/19/2009,27837,PA,COOPERATIVE BANK,3632
297962,136636.0,FAYETTEVILLE,6/19/2009,35251,PA,SOUTHERN COMMUNITY BANK,3633
209285,70928.0,LINCOLNWOOD,6/5/2009,17309,PA,BANK OF LINCOLNWOOD,3630
393635,30492.0,MACOMB,5/22/2009,5757,PA,CITIZENS NATIONAL BANK,3628
479384,92681.0,CHAMPAIGN,5/22/2009,35175,PA,STRATEGIC CAPITAL BANK,3629
8775985,5228684.0,CORAL GABLES,5/21/2009,32247,PA,"BANKUNITED, FSB",3627
304464,81050.0,BREMERTON,5/8/2009,34843,PA,WESTSOUND BANK,3626
3314928,642881.0,ATLANTA,5/1/2009,26535,PO,"SILVERTON BANK, NATIONAL ASSOCIATION",3623
286040,114300.0,LAYTON,5/1/2009,35461,PA,AMERICA WEST BANK,3624
40664,18187.0,RIDGEWOOD,5/1/2009,57563,PA,CITIZENS COMMUNITY BANK,3625
866492,8430.0,CALABASAS,4/24/2009,32069,PO,FIRST BANK OF BEVERLY HILLS,3619
149065,48551.0,FARMINGTON HILLS,4/24/2009,34369,PA,MICHIGAN HERITAGE BANK,3620
370580,109230.0,KETCHUM,4/24/2009,34396,PA,"FIRST BANK OF IDAHO, FSB",3621
105940,32820.0,KENNESAW,4/24/2009,57943,PA,AMERICAN SOUTHERN BANK,3622
170946,44669.0,SUGAR CREEK,4/17/2009,8266,PA,AMERICAN STERLING BANK,3617
220834,20023.0,ELKO,4/17/2009,33824,PA,GREAT BASIN BANK OF NEVADA,3618
402820,118565.0,WILMINGTON,4/10/2009,34639,PA,CAPE FEAR BANK,3615
1496347,913432.0,GREELEY,4/10/2009,34881,DINB,NEW FRONTIER BANK,3616
813205,288415.0,ATLANTA,3/27/2009,22238,PO,OMNI NATIONAL BANK,3614
532520,134593.0,PAOLA,3/20/2009,4754,PA,"TEAMBANK, N.A.",3611
259056,135210.0,STOCKBRIDGE,3/20/2009,18243,PO,FIRSTCITY BANK,3612
85150,12687.0,COLORADO SPRINGS,3/20/2009,18896,PA,COLORADO NATIONAL BANK,3613
159048,43267.0,COMMERCE,3/6/2009,57558,PA,FREEDOM BANK OF GEORGIA,3610
225735,48231.0,GLENWOOD,2/27/2009,20078,PA,HERITAGE COMMUNITY BANK,3608
174872,32328.0,HENDERSON,2/27/2009,34820,PA,SECURITY SAVINGS BANK,3609
115976,39347.0,SILVERTON,2/20/2009,35399,PA,SILVER FALLS BANK,3607
90647,42684.0,LOUP CITY,2/13/2009,5431,PA,SHERMAN COUNTY BANK,3603
233788,80894.0,PITTSFIELD,2/13/2009,16500,PA,CORN BELT BANK AND TRUST COMPANY,3604
422708,199818.0,CAPE CORAL,2/13/2009,34563,PA,RIVERSIDE BANK OF THE GULF COAST,3605
64168,10218.0,BEAVERTON,2/13/2009,57342,PA,PINNACLE BANK,3606
1324635,61783.0,MERCED,2/6/2009,22574,PA,COUNTY BANK,3600
951106,118079.0,CULVER CITY,2/6/2009,23124,PA,ALLIANCE BANK,3601
279308,151333.0,MCDONOUGH,2/6/2009,57017,PA,FIRSTBANK FINANCIAL SERVICES,3602
204663,93552.0,OCALA,1/30/2009,26538,PA,OCALA NATIONAL BANK,3597
301847,73819.0,CROFTON,1/30/2009,30763,PA,SUBURBAN FEDERAL SAVINGS BANK,3598
282578,170125.0,SALT LAKE CITY,1/30/2009,58001,PO,MAGNET BANK,3599
678570,136041.0,REDLANDS,1/23/2009,33025,PI,1ST CENTENNIAL BANK,3596
954677580,,CHARLOTTE,1/16/2009,3510,OBAM,BANK OF AMERICA N.A.,3586
395868,80488.0,BERKELEY,1/16/2009,19733,PA,NATIONAL BANK OF COMMERCE,3587
500,,SAN FRANCISCO,1/16/2009,25178,OBAM,BANK OF AMERICA CALIFORNIA N.A.,3588
53620324,,SALT LAKE CITY,1/16/2009,27374,OBAM,MERRILL LYNCH BANK USA,3589
43663251,,ALEXANDRIA,1/16/2009,33143,OBAM,COUNTRYWIDE BANK FSB,3590
9816599,,WILMINGTON,1/16/2009,33318,OBAM,FIA CARD SERVICES N.A.,3591
28539028,,NEW YORK,1/16/2009,34571,OBAM,MERRILL LYNCH BANK & TRUST CO FSB,3592
377506,150724.0,VANCOUVER,1/16/2009,34959,PI,BANK OF CLARK COUNTY,3593
500,,PORTLAND,1/16/2009,35453,OBAM,BANK OF AMERICA OREGON N.A.,3594
500,,PROVIDENCE,1/16/2009,58032,OBAM,BANK OF AMERICA RHODE ISLAND N.A.,3595
32012,7710.0,SANDERSON,12/12/2008,11568,PA,SANDERSON STATE BANK,3584
489692,246603.0,DULUTH,12/12/2008,35379,PA,HAVEN TRUST BANK,3585
215287,86315.0,JACKSON,12/5/2008,34301,PA,FIRST GEORGIA COMMUNITY BANK,3583
230042000,,LAS VEGAS,11/23/2008,7213,OBAM,"CITIBANK, NATIONAL ASSOCIATION",3578
7231013,,WILMINGTON,11/23/2008,18708,OBAM,"CITICORP TRUST BANK, FSB",3579
876086,,CENTURY CITY,11/23/2008,18923,OBAM,CITIBANK (BANAMEX USA),3580
42356986,,SIOUX FALLS,11/23/2008,23360,OBAM,"CITIBANK (SOUTH DAKOTA), N.A.",3581
300881,,SIOUX FALLS,11/23/2008,58180,OBAM,DEPARTMENT STORES NATIONAL BANK,3582
603733,335062.0,LOGANVILLE,11/21/2008,16490,PA,THE COMMUNITY BANK,3575
2393845,258807.0,POMONA,11/21/2008,28344,PA,PFF BANK & TRUST,3576
9653169,151232.0,NEWPORT BEACH,11/21/2008,30968,PA,"DOWNEY SAVINGS AND LOAN ASSOCIATION, F.A.",3577
456472,148255.0,SAN DIEGO,11/7/2008,23595,PA,SECURITY PACIFIC BANK,3573
3692887,614111.0,HOUSTON,11/7/2008,26870,PA,"FRANKLIN BANK, SSB",3574
256793,113456.0,BRADENTON,10/31/2008,57930,PA,FREEDOM BANK,3572
344231,211264.0,ALPHARETTA,10/24/2008,58241,PI,ALPHA BANK & TRUST,3571
36090,16618.0,ELDRED,10/10/2008,13789,PA,MERIDIAN BANK,3569
98934,56318.0,NORTHVILLE,10/10/2008,57654,PA,MAIN STREET BANK,3570
188260793,0.0,HENDERSON,9/25/2008,32633,PA,WASHINGTON MUTUAL BANK,3568
100901,38290.0,NORTHFORK,9/19/2008,6782,PA,"AMERIBANK, INC.",3567
1733091,722104.0,HENDERSON,9/5/2008,34194,PI,SILVER STATE BANK,3566
962456,465942.0,ALPHARETTA,8/29/2008,35469,PA,INTEGRITY BANK,3565
620354,334277.0,TOPEKA,8/22/2008,22728,PI,THE COLUMBIAN BANK AND TRUST COMPANY,3564
226698,95555.0,BRADENTON,8/1/2008,57523,PI,FIRST PRIORITY BANK,3563
3038053,710186.0,RENO,7/25/2008,27011,PA,FIRST NATIONAL BANK OF NEVADA,3561
234812,92139.0,NEWPORT BEACH,7/25/2008,57961,PA,FIRST HERITAGE BANK N.A.,3562
18941727,11995484.0,PASADENA,7/11/2008,29730,PI,INDYMAC BANK F.S.B,3560
50178,10305.0,STAPLES,5/30/2008,12736,PA,"FIRST INTEGRITY BANK, N.A.",3559
1815691,1025204.0,BENTONVILLE,5/9/2008,33901,PI,ANB FINANCIAL NATIONAL ASSOCIATION,3558
13566,3755.0,HUME,3/7/2008,1971,PI,HUME BANK,3557
50250,7157.0,KANSAS CITY,1/25/2008,24660,PA,DOUGLASS NATIONAL BANK,3556
119601,28394.0,LAKEVIEW,10/4/2007,16848,PI,MIAMI VALLEY BANK,3555
2290046,119608.0,ALPHARETTA,9/28/2007,32575,PI,NETBANK,3554
14540,9438.0,PITTSBURGH,2/2/2007,35353,PI,METROPOLITAN SAVINGS BANK,3553
52329,2998.0,EPHRAIM,6/25/2004,1249,PI,BANK OF EPHRAIM,3552
27881,919.0,WHITE PLAINS,3/19/2004,26778,PA,RELIANCE BANK,3551
65614,0.0,TALLAHASSEE,3/12/2004,26838,PA,GUARANTY NATIONAL BANK,3550
10909,0.0,NEWARK,2/14/2004,31330,PO,DOLLAR SAVINGS BANK,3549
9058,679.0,PHILADELPHIA,11/14/2003,27203,PA,PULASKI SAVINGS BANK,3548
28760,12788.0,BLANCHARDVILLE,5/9/2003,11639,PI,THE FIRST NATIONAL BANK OF BLANCHARDVILLE,3547
864160,49179.0,TORRANCE,2/7/2003,27094,PI,SOUTHERN PACIFIC BANK,3546
32103,12205.0,CHENEYVILLE,12/17/2002,16445,PI,THE FARMERS BANK & TRUST OF CHENEYVILLE,3545
52157,9316.0,ALAMO,11/8/2002,9961,PO,BANK OF ALAMO,3544
73205,1326.0,ATLANTA,9/30/2002,33784,PO,AMTRADE INTERNATIONAL BANK OF GEORGIA,3543
40340,274.0,CHICAGO,6/27/2002,29355,PI,UNIVERSAL FSB,3542
344416,53784.0,STAMFORD,6/26/2002,19183,PI,CONNECTICUT BANK OF COMMERCE,3541
18902,4440.0,SHELBY TOWNSHIP,3/28/2002,34979,PO,NEW CENTURY BANK,3540
31601,0.0,BOCA RATON,3/1/2002,26652,PI,NET FIRST NATIONAL BANK,3539
551297,164047.0,PHOENIX,2/7/2002,22314,PO,NEXTBANK,3538
60168,63600.0,OAKWOOD,2/1/2002,8966,PI,OAKWOOD DEPOSIT BANK,3537
9914,4574.0,SIERRA BLANCA,1/18/2002,22002,PI,BANK OF SIERRA BLANCA,3536
1298731,101748.0,MIAMI,1/11/2002,24382,PI,"HAMILTON BANK, NATIONAL ASSOCIATION",3535
26054,4206.0,GRAVETTE,9/7/2001,34248,PI,SINCLAIR NATIONAL BANK,3534
1609501,286673.0,HINSDALE,7/27/2001,32646,PI,"SUPERIOR BANK, FSB",3533
8728,769.0,MALTA,5/3/2001,6629,PA,MALTA NATIONAL BANK,3532
16931,817.0,MANCHESTER,2/2/2001,34264,PA,FIRST ALLIANCE BANK AND TRUST CO,3531
71277,2670.0,METROPOLIS,12/14/2000,3815,PI,NATIONAL STATE BANK OF METROPOLIS,3530
59037,400.0,HONOLULU,10/13/2000,21029,PI,BANK OF HONOLULU,3529
77140,14592.0,FALKNER,9/29/2000,338,PI,BANK OF FALKNER,3528
26667,1363.0,ALMELUND,7/14/2000,10985,PI,TOWN & COUNTRY BANK OF ALMELUND,3527
7680,617.0,RIDGECREST,6/2/2000,25056,PA,MONUMENT NATIONAL BANK,3526
32234,1322.0,ATLANTA,3/10/2000,27886,PA,MUTUAL FEDERAL SAVINGS BANK OF ATLANTA,3525
68549,11574.0,CARLISLE,1/14/2000,14228,PI,HARTFORD-CARLISLE SB,3524
